[
  {
    "id": "comp-001",
    "name": "Urban Properties Management",
    "email": "contact@urbanprops.com",
    "phone": "+1-555-1001",
    "website": "https://urbanprops.com",
    "description": "Leading property management company specializing in residential and commercial properties in New York area",
    "industry": "Real Estate Management",
    "companySize": "250-500",
    "address": {
      "street": "200 Park Avenue",
      "city": "New York",
      "state": "NY",
      "country": "USA",
      "zipCode": "10001"
    },
    "subscriptionTier": "premium",
    "subscriptionStatus": "active",
    "subscriptionStartDate": "2023-01-01",
    "subscriptionEndDate": "2025-01-01",
    "maxProperties": 1000,
    "maxUsers": 500,
    "features": ["property_management", "tenant_portal", "maintenance_tracking", "financial_reports", "document_management", "api_access"],
    "settings": {
      "timezone": "America/New_York",
      "currency": "USD",
      "language": "en",
      "theme": "light",
      "notificationEmail": "admin@urbanprops.com",
      "supportEmail": "support@urbanprops.com"
    },
    "isActive": true,
    "isVerified": true,
    "verifiedDate": "2023-01-15",
    "totalProperties": 45,
    "totalUsers": 25,
    "totalRevenue": 1250000,
    "taxId": "12-3456789",
    "createdAt": "2023-01-01",
    "updatedAt": "2024-01-15"
  },
  {
    "id": "comp-002",
    "name": "Suburban Rentals",
    "email": "contact@suburbanrentals.com",
    "phone": "+1-555-1002",
    "website": "https://suburbanrentals.com",
    "description": "Full-service property rental and management company serving the Chicago metropolitan area",
    "industry": "Real Estate Management",
    "companySize": "100-250",
    "address": {
      "street": "100 N Wacker Drive",
      "city": "Chicago",
      "state": "IL",
      "country": "USA",
      "zipCode": "60601"
    },
    "subscriptionTier": "professional",
    "subscriptionStatus": "active",
    "subscriptionStartDate": "2023-03-01",
    "subscriptionEndDate": "2024-03-01",
    "maxProperties": 500,
    "maxUsers": 250,
    "features": ["property_management", "tenant_portal", "maintenance_tracking", "financial_reports"],
    "settings": {
      "timezone": "America/Chicago",
      "currency": "USD",
      "language": "en",
      "theme": "light",
      "notificationEmail": "admin@suburbanrentals.com",
      "supportEmail": "support@suburbanrentals.com"
    },
    "isActive": true,
    "isVerified": true,
    "verifiedDate": "2023-03-15",
    "totalProperties": 32,
    "totalUsers": 18,
    "totalRevenue": 450000,
    "taxId": "14-5678901",
    "createdAt": "2023-03-01",
    "updatedAt": "2024-01-14"
  },
  {
    "id": "comp-003",
    "name": "Coastal Homes",
    "email": "contact@coastalhomes.com",
    "phone": "+1-555-1003",
    "website": "https://coastalhomes.com",
    "description": "Premium coastal property management company specializing in beachfront and luxury residential properties in Miami",
    "industry": "Luxury Real Estate",
    "companySize": "50-100",
    "address": {
      "street": "1000 Ocean Drive",
      "city": "Miami",
      "state": "FL",
      "country": "USA",
      "zipCode": "33139"
    },
    "subscriptionTier": "premium",
    "subscriptionStatus": "active",
    "subscriptionStartDate": "2023-02-01",
    "subscriptionEndDate": "2025-02-01",
    "maxProperties": 300,
    "maxUsers": 200,
    "features": ["property_management", "tenant_portal", "maintenance_tracking", "financial_reports", "document_management", "vr_tours", "api_access"],
    "settings": {
      "timezone": "America/New_York",
      "currency": "USD",
      "language": "es",
      "theme": "light",
      "notificationEmail": "admin@coastalhomes.com",
      "supportEmail": "support@coastalhomes.com"
    },
    "isActive": true,
    "isVerified": true,
    "verifiedDate": "2023-02-20",
    "totalProperties": 28,
    "totalUsers": 16,
    "totalRevenue": 850000,
    "taxId": "98-7654321",
    "createdAt": "2023-02-01",
    "updatedAt": "2024-01-15"
  },
  {
    "id": "comp-004",
    "name": "Downtown Development",
    "email": "contact@downtowndevelopment.com",
    "phone": "+1-555-1004",
    "website": "https://downtowndevelopment.com",
    "description": "Commercial and residential development company focusing on downtown LA properties and mixed-use developments",
    "industry": "Real Estate Development",
    "companySize": "75-100",
    "address": {
      "street": "500 South Flower",
      "city": "Los Angeles",
      "state": "CA",
      "country": "USA",
      "zipCode": "90071"
    },
    "subscriptionTier": "professional",
    "subscriptionStatus": "active",
    "subscriptionStartDate": "2023-05-01",
    "subscriptionEndDate": "2024-05-01",
    "maxProperties": 400,
    "maxUsers": 300,
    "features": ["property_management", "maintenance_tracking", "financial_reports", "api_access"],
    "settings": {
      "timezone": "America/Los_Angeles",
      "currency": "USD",
      "language": "en",
      "theme": "light",
      "notificationEmail": "admin@downtowndevelopment.com",
      "supportEmail": "support@downtowndevelopment.com"
    },
    "isActive": true,
    "isVerified": true,
    "verifiedDate": "2023-05-15",
    "totalProperties": 22,
    "totalUsers": 15,
    "totalRevenue": 620000,
    "taxId": "45-1234567",
    "createdAt": "2023-05-01",
    "updatedAt": "2024-01-15"
  },
  {
    "id": "comp-005",
    "name": "Mountain View Properties",
    "email": "contact@mountainview.com",
    "phone": "+1-555-1005",
    "website": "https://mountainview.com",
    "description": "Mountain and resort property management company specializing in ski properties and vacation rentals in Colorado",
    "industry": "Vacation Rental Management",
    "companySize": "40-75",
    "address": {
      "street": "2000 Summit Trail",
      "city": "Denver",
      "state": "CO",
      "country": "USA",
      "zipCode": "80219"
    },
    "subscriptionTier": "professional",
    "subscriptionStatus": "active",
    "subscriptionStartDate": "2023-06-01",
    "subscriptionEndDate": "2024-06-01",
    "maxProperties": 250,
    "maxUsers": 150,
    "features": ["property_management", "tenant_portal", "maintenance_tracking", "financial_reports"],
    "settings": {
      "timezone": "America/Denver",
      "currency": "USD",
      "language": "en",
      "theme": "light",
      "notificationEmail": "admin@mountainview.com",
      "supportEmail": "support@mountainview.com"
    },
    "isActive": true,
    "isVerified": true,
    "verifiedDate": "2023-06-15",
    "totalProperties": 18,
    "totalUsers": 12,
    "totalRevenue": 380000,
    "taxId": "56-2345678",
    "createdAt": "2023-06-01",
    "updatedAt": "2024-01-14"
  },
  {
    "id": "comp-006",
    "name": "Desert Oasis Realty",
    "email": "contact@desertoasis.com",
    "phone": "+1-555-1006",
    "website": "https://desertoasis.com",
    "description": "Desert and southwestern property management specializing in Arizona residential and commercial properties",
    "industry": "Real Estate Management",
    "companySize": "25-50",
    "address": {
      "street": "300 Arizona Center",
      "city": "Phoenix",
      "state": "AZ",
      "country": "USA",
      "zipCode": "85004"
    },
    "subscriptionTier": "basic",
    "subscriptionStatus": "active",
    "subscriptionStartDate": "2023-07-01",
    "subscriptionEndDate": "2024-07-01",
    "maxProperties": 100,
    "maxUsers": 75,
    "features": ["property_management", "maintenance_tracking", "financial_reports"],
    "settings": {
      "timezone": "America/Phoenix",
      "currency": "USD",
      "language": "en",
      "theme": "light",
      "notificationEmail": "admin@desertoasis.com",
      "supportEmail": "support@desertoasis.com"
    },
    "isActive": true,
    "isVerified": true,
    "verifiedDate": "2023-07-15",
    "totalProperties": 15,
    "totalUsers": 10,
    "totalRevenue": 220000,
    "taxId": "67-3456789",
    "createdAt": "2023-07-01",
    "updatedAt": "2024-01-13"
  },
  {
    "id": "comp-007",
    "name": "Forest Green Homes",
    "email": "contact@forestgreen.com",
    "phone": "+1-555-1007",
    "website": "https://forestgreen.com",
    "description": "Eco-friendly and sustainable property management company serving Pacific Northwest residential market",
    "industry": "Sustainable Real Estate",
    "companySize": "30-50",
    "address": {
      "street": "400 Pine Street",
      "city": "Seattle",
      "state": "WA",
      "country": "USA",
      "zipCode": "98101"
    },
    "subscriptionTier": "professional",
    "subscriptionStatus": "active",
    "subscriptionStartDate": "2023-08-01",
    "subscriptionEndDate": "2024-08-01",
    "maxProperties": 200,
    "maxUsers": 100,
    "features": ["property_management", "tenant_portal", "maintenance_tracking", "financial_reports"],
    "settings": {
      "timezone": "America/Los_Angeles",
      "currency": "USD",
      "language": "en",
      "theme": "light",
      "notificationEmail": "admin@forestgreen.com",
      "supportEmail": "support@forestgreen.com"
    },
    "isActive": true,
    "isVerified": true,
    "verifiedDate": "2023-08-15",
    "totalProperties": 20,
    "totalUsers": 14,
    "totalRevenue": 310000,
    "taxId": "78-4567890",
    "createdAt": "2023-08-01",
    "updatedAt": "2024-01-12"
  },
  {
    "id": "comp-008",
    "name": "Harbor Point Management",
    "email": "contact@harborpoint.com",
    "phone": "+1-555-1008",
    "website": "https://harborpoint.com",
    "description": "Waterfront and harbor-area property management specializing in Boston and New England properties",
    "industry": "Real Estate Management",
    "companySize": "50-75",
    "address": {
      "street": "500 Atlantic Avenue",
      "city": "Boston",
      "state": "MA",
      "country": "USA",
      "zipCode": "02110"
    },
    "subscriptionTier": "professional",
    "subscriptionStatus": "active",
    "subscriptionStartDate": "2023-09-01",
    "subscriptionEndDate": "2024-09-01",
    "maxProperties": 300,
    "maxUsers": 200,
    "features": ["property_management", "tenant_portal", "maintenance_tracking", "financial_reports", "document_management"],
    "settings": {
      "timezone": "America/New_York",
      "currency": "USD",
      "language": "en",
      "theme": "light",
      "notificationEmail": "admin@harborpoint.com",
      "supportEmail": "support@harborpoint.com"
    },
    "isActive": true,
    "isVerified": true,
    "verifiedDate": "2023-09-15",
    "totalProperties": 24,
    "totalUsers": 16,
    "totalRevenue": 420000,
    "taxId": "89-5678901",
    "createdAt": "2023-09-01",
    "updatedAt": "2024-01-11"
  },
  {
    "id": "comp-009",
    "name": "Lakeside Living",
    "email": "contact@lakesideliving.com",
    "phone": "+1-555-1009",
    "website": "https://lakesideliving.com",
    "description": "Lake and waterfront property specialist managing residential communities around Minneapolis and Twin Cities area",
    "industry": "Residential Real Estate",
    "companySize": "35-60",
    "address": {
      "street": "600 Nicollet Mall",
      "city": "Minneapolis",
      "state": "MN",
      "country": "USA",
      "zipCode": "55402"
    },
    "subscriptionTier": "basic",
    "subscriptionStatus": "active",
    "subscriptionStartDate": "2023-10-01",
    "subscriptionEndDate": "2024-10-01",
    "maxProperties": 150,
    "maxUsers": 100,
    "features": ["property_management", "maintenance_tracking", "financial_reports"],
    "settings": {
      "timezone": "America/Chicago",
      "currency": "USD",
      "language": "en",
      "theme": "light",
      "notificationEmail": "admin@lakesideliving.com",
      "supportEmail": "support@lakesideliving.com"
    },
    "isActive": true,
    "isVerified": true,
    "verifiedDate": "2023-10-15",
    "totalProperties": 16,
    "totalUsers": 11,
    "totalRevenue": 280000,
    "taxId": "90-6789012",
    "createdAt": "2023-10-01",
    "updatedAt": "2024-01-10"
  },
  {
    "id": "comp-010",
    "name": "Valley Estates",
    "email": "contact@valleyestates.com",
    "phone": "+1-555-1010",
    "website": "https://valleyestates.com",
    "description": "Houston-area property management focusing on suburban and estate properties in Texas",
    "industry": "Real Estate Management",
    "companySize": "40-65",
    "address": {
      "street": "700 Main Street",
      "city": "Houston",
      "state": "TX",
      "country": "USA",
      "zipCode": "77002"
    },
    "subscriptionTier": "professional",
    "subscriptionStatus": "active",
    "subscriptionStartDate": "2023-11-01",
    "subscriptionEndDate": "2024-11-01",
    "maxProperties": 350,
    "maxUsers": 250,
    "features": ["property_management", "tenant_portal", "maintenance_tracking", "financial_reports", "document_management", "api_access"],
    "settings": {
      "timezone": "America/Chicago",
      "currency": "USD",
      "language": "en",
      "theme": "light",
      "notificationEmail": "admin@valleyestates.com",
      "supportEmail": "support@valleyestates.com"
    },
    "isActive": true,
    "isVerified": true,
    "verifiedDate": "2023-11-15",
    "totalProperties": 38,
    "totalUsers": 22,
    "totalRevenue": 575000,
    "taxId": "01-7890123",
    "createdAt": "2023-11-01",
    "updatedAt": "2024-01-15"
  }
]
